strategy,display_name,validation_sharpe,holdout_sharpe,validation_total_return,holdout_total_return,holdout_max_drawdown,holdout_ann_vol,holdout_turnover,cost_assumption_bps
buy_and_hold,Buy & Hold QQQ,0.2639295224837718,-0.4516104410429094,0.07406865079914193,-0.26038936461251905,-0.4005272233267755,0.20985610251684586,0.0,5
medium_term_trend,Medium-Term Trend,0.6451446758390286,0.02214021221291814,0.29984578578391496,-0.028797423137546296,-0.2101413779246839,0.17441351888922543,0.09216589861751152,5
rsi_deep_value,RSI Deep Value,0.2639295224837719,-0.45161044104290937,0.04508793370199049,-0.39044615976382036,-0.5489529151732992,0.3147841537752688,0.0,5
dual_trend_macro,Dual Trend Macro,-0.34165024116227927,-0.9088394400894839,-0.19144531938410658,-0.40221170939684237,-0.44564924911759074,0.1975567345556688,0.10253456221198157,5
final_research_ensemble,Final Research Ensemble,0.3633061032422289,-0.2914894571766439,0.13315816749616416,-0.16965105925242818,-0.3194213968442122,0.18704650002699552,0.06144393241167435,5
